<?xml version="1.0" encoding="UTF-8" standalone="no"?>
<manifest xmlns="http://tizen.org/ns/packages" api-version="5.0" package="org.example.st-things-blind" version="1.0.0">
    <profile name="iot-headed"/>
    <service-application appid="org.example.st-things-blind" exec="st-things-blind" multiple="false" nodisplay="true" on-boot="true" taskmanage="false" type="capp">
        <label>st-things-blind</label>
        <icon>st-things-blind.png</icon>
        <background-category value="sensor"/>
    </service-application>
    <privileges>
        <privilege>http://tizen.org/privilege/peripheralio</privilege>
    </privileges>
</manifest>
